timestamp,street_name,vehicle_count,average_speed,congestion_level
2026-02-27 03:59:20.004576,Lê Duẩn,32,39.33,0
2026-02-27 21:33:33.004576,Tôn Đức Thắng,26,38.7,0
2026-02-28 15:59:02.004576,Tôn Đức Thắng,24,39.5,0
2026-02-28 07:18:20.004576,Tôn Đức Thắng,182,22.73,3
2026-02-28 13:19:14.004576,Trần Phú,29,33.47,0
2026-02-27 04:36:17.004576,Hải Phòng,74,47.32,1
2026-02-27 18:06:13.004576,Ông Ích Khiêm,80,32.6,1
2026-02-27 20:23:04.004576,Ngô Quyền,81,41.18,1
2026-02-28 03:55:11.004576,Trần Phú,65,40.96,1
2026-02-27 20:09:28.004576,Nguyễn Tất Thành,92,49.92,1
2026-02-27 18:06:11.004576,Nguyễn Tất Thành,56,44.96,1
2026-02-26 17:51:34.004576,Nguyễn Tất Thành,171,27.33,3
2026-02-26 18:33:54.004576,2 Tháng 9,91,31.65,1
2026-02-28 12:24:18.004576,Hải Phòng,38,36.73,0
2026-02-27 09:10:29.004576,Ngô Quyền,63,45.66,1
2026-02-27 09:20:56.004576,Hoàng Văn Thái,12,36.29,0
2026-02-28 14:08:20.004576,Hải Phòng,67,31.71,1
2026-02-27 18:49:30.004576,Hải Phòng,59,30.18,1
2026-02-28 13:15:11.004576,Hoàng Văn Thái,17,44.0,0
2026-02-27 06:32:05.004576,Ngô Quyền,21,31.4,0
2026-02-27 20:16:55.004576,Hoàng Văn Thái,57,43.16,1
2026-02-27 22:37:55.004576,Hải Phòng,80,46.52,1
2026-02-26 18:08:43.004576,Trần Phú,86,36.82,1
2026-02-26 20:21:56.004576,Điện Biên Phủ,46,30.63,0
2026-02-27 15:02:16.005503,2 Tháng 9,40,31.52,0
2026-02-28 11:46:51.005503,Điện Biên Phủ,30,33.28,0
2026-02-28 05:15:33.005503,Ông Ích Khiêm,90,30.28,1
2026-02-27 00:14:34.005503,Nguyễn Tất Thành,67,42.23,1
2026-02-28 16:02:39.005503,Ngô Quyền,22,45.5,0
2026-02-28 09:29:41.005503,Lê Duẩn,40,44.2,0
2026-02-28 05:12:34.005503,2 Tháng 9,39,48.76,0
2026-02-27 00:52:00.005503,Trần Phú,10,34.14,0
2026-02-27 11:51:05.005503,Tôn Đức Thắng,94,40.59,1
2026-02-28 14:09:17.005503,Nguyễn Tất Thành,68,39.44,1
2026-02-28 04:18:30.005503,Hoàng Văn Thái,68,35.51,1
2026-02-28 02:46:22.005503,Hải Phòng,18,47.59,0
2026-02-27 10:44:49.005503,Điện Biên Phủ,63,48.66,1
2026-02-27 23:04:44.005503,Ngô Quyền,80,47.85,1
2026-02-28 11:52:55.005503,Hải Phòng,25,30.82,0
2026-02-28 04:27:45.005503,Hải Phòng,18,43.72,0
2026-02-28 00:08:56.005503,Hoàng Văn Thái,82,36.32,1
2026-02-27 08:38:04.005503,2 Tháng 9,70,46.18,1
2026-02-26 23:30:20.005503,2 Tháng 9,95,35.94,1
2026-02-27 19:57:20.005503,Lê Duẩn,77,49.33,1
2026-02-26 22:55:03.005503,Nguyễn Tất Thành,54,30.46,1
2026-02-28 03:24:14.005503,Ngô Quyền,10,46.22,0
2026-02-28 08:36:21.005503,Tôn Đức Thắng,14,44.7,0
2026-02-26 19:09:29.005503,Ngô Quyền,27,33.29,0
2026-02-27 19:13:02.005503,Lê Duẩn,69,38.22,1
2026-02-28 04:24:30.005503,Trần Phú,45,48.36,0
2026-02-28 03:47:45.005503,2 Tháng 9,73,42.38,1
2026-02-27 09:34:28.005503,Nguyễn Tất Thành,81,36.24,1
2026-02-28 06:22:18.005503,Lê Duẩn,74,43.41,1
2026-02-27 06:31:43.005503,Hoàng Văn Thái,46,46.81,0
2026-02-26 18:31:08.005503,Trần Phú,6,45.53,0
2026-02-28 05:55:16.005503,Ông Ích Khiêm,93,44.19,1
2026-02-26 21:22:57.005503,2 Tháng 9,32,31.89,0
2026-02-27 11:45:31.005503,Trần Phú,25,37.28,0
2026-02-28 15:03:51.005503,Ngô Quyền,98,49.99,1
2026-02-28 15:43:50.005503,Tôn Đức Thắng,84,42.53,1
2026-02-27 21:05:39.005503,2 Tháng 9,21,49.03,0
2026-02-28 03:46:26.005503,Ngô Quyền,16,47.83,0
2026-02-27 07:29:35.005503,Hoàng Văn Thái,141,21.59,2
2026-02-28 09:33:32.005503,2 Tháng 9,54,42.34,1
2026-02-26 23:05:40.005503,Ông Ích Khiêm,62,38.74,1
2026-02-28 16:14:14.005503,Ngô Quyền,76,43.95,1
2026-02-26 21:26:45.005503,Trần Phú,80,30.44,1
2026-02-27 08:35:44.005503,Trần Phú,42,45.96,0
2026-02-27 08:37:32.005503,Trần Phú,25,40.05,0
2026-02-27 08:49:07.005503,Ngô Quyền,53,39.52,1
2026-02-27 15:01:12.005503,Ông Ích Khiêm,81,47.05,1
2026-02-27 01:35:07.005503,Ông Ích Khiêm,9,47.29,0
2026-02-27 10:43:32.005503,Hoàng Văn Thái,46,48.66,0
2026-02-27 17:43:05.005503,Hoàng Văn Thái,195,12.64,3
2026-02-28 03:46:02.005503,Ngô Quyền,88,31.5,1
2026-02-26 22:44:29.005503,Tôn Đức Thắng,44,30.07,0
2026-02-27 19:11:59.005503,Nguyễn Tất Thành,30,42.87,0
2026-02-27 19:15:52.005503,Nguyễn Tất Thành,9,40.09,0
2026-02-27 23:57:00.005503,Hải Phòng,81,48.01,1
2026-02-27 00:21:31.005503,Hải Phòng,99,35.29,1
2026-02-28 13:12:50.005503,Lê Duẩn,78,36.03,1
2026-02-28 01:05:00.005503,Ông Ích Khiêm,59,43.25,1
2026-02-27 01:55:37.005503,Điện Biên Phủ,82,45.35,1
2026-02-27 15:59:52.005503,Hoàng Văn Thái,86,42.65,1
2026-02-26 22:26:33.005503,Tôn Đức Thắng,10,35.03,0
2026-02-27 00:06:34.005503,Hải Phòng,5,36.7,0
2026-02-27 06:06:32.005503,Lê Duẩn,22,33.6,0
2026-02-26 21:42:09.005503,Ngô Quyền,7,33.64,0
2026-02-28 01:50:07.005503,Điện Biên Phủ,73,35.63,1
2026-02-28 15:22:22.005503,Điện Biên Phủ,57,42.29,1
2026-02-27 08:51:32.005503,Điện Biên Phủ,13,33.96,0
2026-02-27 22:36:12.005503,Nguyễn Tất Thành,11,32.31,0
2026-02-28 09:44:48.005503,Điện Biên Phủ,73,35.22,1
2026-02-26 19:53:29.005503,Điện Biên Phủ,12,42.93,0
2026-02-28 06:06:00.005503,Nguyễn Tất Thành,75,48.51,1
2026-02-27 04:06:46.005503,2 Tháng 9,78,31.49,1
2026-02-26 21:12:40.005503,Nguyễn Tất Thành,57,31.03,1
2026-02-27 11:55:18.005503,Hải Phòng,40,42.35,0
2026-02-27 19:10:33.005503,Ngô Quyền,71,43.46,1
2026-02-27 10:53:16.005503,Ngô Quyền,16,44.33,0
2026-02-27 08:09:38.005503,Tôn Đức Thắng,58,48.98,1
2026-02-28 14:07:56.005503,Trần Phú,51,39.51,1
2026-02-27 08:57:07.005503,Lê Duẩn,62,36.92,1
2026-02-28 00:25:40.005503,Tôn Đức Thắng,41,39.49,0
2026-02-26 23:25:34.005503,Hoàng Văn Thái,32,32.38,0
2026-02-28 04:18:57.005503,Hoàng Văn Thái,94,41.48,1
2026-02-27 09:50:18.005503,Tôn Đức Thắng,55,32.63,1
2026-02-28 11:06:38.005503,Tôn Đức Thắng,25,48.23,0
2026-02-27 16:23:12.005503,Ông Ích Khiêm,7,42.64,0
2026-02-27 09:05:28.005503,Ngô Quyền,31,33.1,0
2026-02-27 13:05:15.005503,Hải Phòng,62,35.45,1
2026-02-26 17:48:05.005503,2 Tháng 9,164,21.11,3
2026-02-27 13:46:01.005503,Điện Biên Phủ,99,47.3,1
2026-02-27 09:18:01.005503,Trần Phú,60,38.78,1
2026-02-27 22:20:10.005503,Trần Phú,62,42.36,1
2026-02-28 13:07:06.005503,Lê Duẩn,33,48.56,0
2026-02-28 02:46:02.005503,Ông Ích Khiêm,98,36.61,1
2026-02-27 17:52:56.005503,Ông Ích Khiêm,146,12.44,3
2026-02-27 22:12:04.005503,Điện Biên Phủ,88,49.37,1
2026-02-27 02:11:26.005503,Hoàng Văn Thái,54,42.1,1
2026-02-26 20:34:39.005503,Ngô Quyền,17,37.67,0
2026-02-27 00:47:47.005503,Tôn Đức Thắng,70,42.31,1
2026-02-28 04:38:33.005503,Lê Duẩn,18,32.16,0
2026-02-26 18:40:35.005503,Ông Ích Khiêm,12,33.07,0
2026-02-28 05:15:38.005503,Hoàng Văn Thái,71,42.35,1
2026-02-27 06:19:23.005503,Nguyễn Tất Thành,30,36.39,0
2026-02-27 08:00:46.005503,Ngô Quyền,80,41.31,1
2026-02-27 16:52:13.005503,Lê Duẩn,87,31.45,1
2026-02-27 20:45:10.005503,Trần Phú,45,30.11,0
2026-02-26 21:18:08.005503,Lê Duẩn,71,38.76,1
2026-02-27 03:52:29.005503,Nguyễn Tất Thành,37,44.44,0
2026-02-27 11:38:54.005503,Điện Biên Phủ,16,40.38,0
2026-02-27 02:13:08.005503,Lê Duẩn,67,35.23,1
2026-02-28 02:01:59.005503,Ngô Quyền,72,35.97,1
2026-02-28 09:31:08.005503,Ông Ích Khiêm,47,33.55,0
2026-02-28 00:11:07.005503,Lê Duẩn,69,49.12,1
2026-02-26 23:52:00.005503,Hải Phòng,14,32.66,0
2026-02-27 00:02:12.005503,Trần Phú,78,45.44,1
2026-02-26 20:57:36.005503,Ông Ích Khiêm,30,39.82,0
2026-02-28 11:20:33.005503,Tôn Đức Thắng,96,41.6,1
2026-02-26 20:28:10.005503,Trần Phú,77,34.11,1
2026-02-26 17:34:41.005503,Nguyễn Tất Thành,117,11.62,3
2026-02-27 11:35:31.005503,Hoàng Văn Thái,56,30.38,1
2026-02-27 14:08:24.005503,Nguyễn Tất Thành,30,38.17,0
2026-02-26 23:01:48.005503,Nguyễn Tất Thành,62,48.44,1
2026-02-27 10:06:50.005503,Nguyễn Tất Thành,7,36.89,0
2026-02-27 00:58:49.005503,2 Tháng 9,37,46.27,0
2026-02-27 19:06:41.005503,Nguyễn Tất Thành,78,35.59,1
2026-02-28 02:31:23.005503,Ông Ích Khiêm,68,49.15,1
2026-02-27 18:17:00.005503,Lê Duẩn,67,36.83,1
2026-02-28 04:25:35.005503,Hoàng Văn Thái,72,45.42,1
2026-02-27 08:51:34.005503,2 Tháng 9,46,36.96,0
2026-02-28 15:35:40.005503,Tôn Đức Thắng,35,47.98,0
2026-02-26 17:47:44.005503,Tôn Đức Thắng,152,28.66,3
2026-02-28 13:48:23.005503,Trần Phú,21,31.27,0
2026-02-28 13:26:38.005503,Ông Ích Khiêm,94,37.88,1
2026-02-28 02:16:40.005503,Trần Phú,39,46.28,0
2026-02-28 01:56:20.005503,Ông Ích Khiêm,11,33.08,0
2026-02-28 12:14:27.005503,Điện Biên Phủ,21,33.66,0
2026-02-27 00:13:16.005503,Tôn Đức Thắng,41,47.79,0
2026-02-27 10:22:58.005503,Điện Biên Phủ,32,37.18,0
2026-02-28 05:13:30.005503,Trần Phú,90,32.36,1
2026-02-26 19:02:45.005503,Ngô Quyền,81,31.59,1
2026-02-27 07:39:21.005503,Hải Phòng,132,22.44,2
2026-02-28 10:17:48.005503,Tôn Đức Thắng,86,39.2,1
2026-02-27 01:57:34.005503,Lê Duẩn,47,38.69,0
2026-02-27 22:56:24.005503,Điện Biên Phủ,97,32.78,1
2026-02-28 02:18:34.005503,Lê Duẩn,98,43.49,1
2026-02-26 22:05:20.005503,2 Tháng 9,21,39.26,0
2026-02-28 08:45:28.005503,Lê Duẩn,100,45.64,1
2026-02-28 15:38:33.005503,Ông Ích Khiêm,21,49.17,0
2026-02-27 22:00:48.005503,Nguyễn Tất Thành,41,46.61,0
2026-02-27 20:41:14.005503,Ngô Quyền,49,49.84,0
2026-02-27 06:20:56.005503,Ngô Quyền,40,31.83,0
2026-02-28 13:22:33.005503,Trần Phú,32,37.86,0
2026-02-28 10:49:35.005503,Ông Ích Khiêm,27,46.64,0
2026-02-28 12:40:47.005503,Nguyễn Tất Thành,48,31.03,0
2026-02-27 20:37:52.005503,Nguyễn Tất Thành,5,42.03,0
2026-02-28 07:19:27.005503,Hoàng Văn Thái,151,17.5,3
2026-02-28 11:48:24.005503,Lê Duẩn,95,36.19,1
2026-02-26 23:41:23.005503,Ngô Quyền,70,41.04,1
2026-02-26 18:47:58.005503,Lê Duẩn,81,42.52,1
2026-02-27 12:05:37.005503,Trần Phú,50,49.69,0
2026-02-28 14:03:44.005503,Hoàng Văn Thái,95,49.99,1
2026-02-27 20:00:00.005503,Tôn Đức Thắng,86,43.61,1
2026-02-27 17:22:07.005503,Hải Phòng,199,15.2,3
2026-02-27 01:47:11.005503,2 Tháng 9,39,48.82,0
2026-02-27 16:45:50.005503,Nguyễn Tất Thành,90,37.47,1
2026-02-27 04:07:45.005503,Tôn Đức Thắng,48,39.11,0
2026-02-28 08:28:10.005503,Nguyễn Tất Thành,17,45.78,0
2026-02-27 21:51:22.005503,Nguyễn Tất Thành,10,45.68,0
2026-02-27 14:05:03.005503,Ông Ích Khiêm,50,45.72,0
2026-02-26 20:27:23.005503,2 Tháng 9,25,34.49,0
2026-02-28 07:54:12.005503,Lê Duẩn,180,16.74,3
2026-02-28 05:05:33.005503,Lê Duẩn,5,37.16,0
2026-02-26 23:07:25.005503,Điện Biên Phủ,39,30.88,0
2026-02-28 10:26:07.005503,Hải Phòng,63,45.3,1
2026-02-28 13:02:45.005503,Trần Phú,97,35.86,1
2026-02-27 02:05:52.005503,Tôn Đức Thắng,38,47.16,0
2026-02-27 09:02:13.005503,Hải Phòng,18,41.3,0
2026-02-28 03:31:02.005503,Lê Duẩn,19,35.99,0
2026-02-26 22:10:11.005503,Điện Biên Phủ,81,48.9,1
2026-02-28 13:40:21.005503,Tôn Đức Thắng,72,44.72,1
2026-02-26 18:22:13.005503,Ngô Quyền,96,32.16,1
2026-02-27 17:33:49.005503,Trần Phú,136,19.76,2
2026-02-27 06:15:42.005503,Hải Phòng,39,43.96,0
2026-02-27 07:37:08.005503,Ông Ích Khiêm,118,24.88,2
2026-02-28 05:16:38.005503,2 Tháng 9,17,43.92,0
2026-02-27 12:30:35.005503,Điện Biên Phủ,29,46.99,0
2026-02-27 20:59:12.005503,Lê Duẩn,70,38.86,1
2026-02-27 10:53:56.005503,Hải Phòng,87,39.07,1
2026-02-28 05:40:08.005503,Nguyễn Tất Thành,5,32.25,0
2026-02-27 00:14:58.005503,2 Tháng 9,95,38.06,1
2026-02-28 11:41:20.005503,Điện Biên Phủ,24,31.4,0
2026-02-28 09:16:52.005503,Nguyễn Tất Thành,42,45.99,0
2026-02-26 17:08:34.005503,Lê Duẩn,192,15.62,3
2026-02-28 16:28:49.005503,Ngô Quyền,19,41.66,0
2026-02-27 11:13:21.005503,Hải Phòng,85,30.87,1
2026-02-28 14:56:12.005503,Ông Ích Khiêm,15,31.93,0
2026-02-27 03:13:44.005503,Điện Biên Phủ,68,35.06,1
2026-02-27 09:32:13.005503,Hoàng Văn Thái,71,40.18,1
2026-02-27 22:23:34.005503,Tôn Đức Thắng,52,46.32,1
2026-02-26 18:05:33.005503,Trần Phú,15,39.28,0
2026-02-27 05:05:14.005503,2 Tháng 9,100,39.76,1
2026-02-27 03:27:15.005503,Ngô Quyền,63,33.55,1
2026-02-27 07:06:29.005503,Ông Ích Khiêm,139,29.65,2
2026-02-26 17:16:11.005503,Nguyễn Tất Thành,195,17.33,3
2026-02-27 09:19:22.005503,Điện Biên Phủ,40,41.5,0
2026-02-28 08:19:00.005503,Trần Phú,59,43.73,1
2026-02-27 02:56:03.005503,Điện Biên Phủ,74,44.2,1
2026-02-28 08:03:37.005503,Trần Phú,62,44.86,1
2026-02-28 03:49:53.005503,Lê Duẩn,65,47.73,1
2026-02-28 06:05:38.005503,2 Tháng 9,59,38.08,1
2026-02-26 19:05:57.005503,Ngô Quyền,7,30.37,0
2026-02-26 23:00:02.005503,Nguyễn Tất Thành,74,48.36,1
2026-02-26 21:49:30.005503,Hoàng Văn Thái,64,30.08,1
2026-02-27 22:18:33.005503,2 Tháng 9,82,47.7,1
2026-02-28 16:04:04.005503,Điện Biên Phủ,40,32.15,0
2026-02-26 18:01:28.005503,Hải Phòng,75,40.54,1
2026-02-28 12:00:04.005503,Ngô Quyền,92,46.87,1
2026-02-28 11:15:10.005503,Ông Ích Khiêm,37,41.77,0
2026-02-27 01:43:48.005503,Tôn Đức Thắng,32,34.04,0
2026-02-27 14:12:48.005503,Ông Ích Khiêm,15,33.14,0
2026-02-27 02:58:29.005503,Lê Duẩn,58,33.56,1
2026-02-28 01:34:48.005503,Nguyễn Tất Thành,76,37.94,1
2026-02-26 18:44:53.005503,Hải Phòng,20,43.66,0
2026-02-26 19:55:01.005503,Ngô Quyền,8,44.47,0
2026-02-26 19:03:49.005503,Tôn Đức Thắng,11,30.84,0
2026-02-27 15:18:41.005503,Hải Phòng,90,36.43,1
2026-02-28 08:11:09.005503,Trần Phú,36,47.9,0
2026-02-27 04:53:50.005503,Hoàng Văn Thái,32,45.98,0
2026-02-27 12:17:51.005503,Hải Phòng,9,45.59,0
2026-02-27 16:14:18.005503,Hải Phòng,98,39.42,1
2026-02-28 01:27:51.005503,Ngô Quyền,39,41.79,0
2026-02-28 16:10:30.005503,Hải Phòng,65,36.79,1
2026-02-27 07:16:41.005503,Ngô Quyền,174,17.3,3
2026-02-28 03:24:21.005503,Lê Duẩn,64,35.65,1
2026-02-28 12:53:41.005503,Lê Duẩn,42,46.8,0
2026-02-27 06:00:03.005503,Hoàng Văn Thái,14,30.33,0
2026-02-27 16:31:01.005503,Ông Ích Khiêm,51,43.88,1
2026-02-28 14:50:18.005503,Tôn Đức Thắng,49,44.32,0
2026-02-27 13:08:38.005503,Nguyễn Tất Thành,36,38.67,0
2026-02-28 02:37:33.005503,Ngô Quyền,74,39.86,1
2026-02-27 09:49:06.005503,Lê Duẩn,19,43.29,0
2026-02-27 19:16:44.005503,Hoàng Văn Thái,50,45.07,0
2026-02-28 13:45:02.005503,Ông Ích Khiêm,22,36.32,0
2026-02-27 02:15:35.005503,Lê Duẩn,18,36.94,0
2026-02-26 23:21:28.005503,Tôn Đức Thắng,80,37.75,1
2026-02-27 22:37:10.005503,Lê Duẩn,6,35.2,0
2026-02-28 00:00:12.005503,Nguyễn Tất Thành,17,33.81,0
2026-02-27 22:49:47.005503,Tôn Đức Thắng,76,30.82,1
2026-02-28 02:29:22.005503,Nguyễn Tất Thành,56,38.01,1
2026-02-26 23:36:09.005503,Ngô Quyền,66,32.58,1
2026-02-28 14:30:02.005503,Trần Phú,54,46.31,1
2026-02-28 11:31:31.005503,2 Tháng 9,67,34.94,1
2026-02-28 06:45:25.005503,Nguyễn Tất Thành,93,34.31,1
2026-02-28 10:00:42.005503,Hải Phòng,21,30.71,0
2026-02-26 17:04:26.005503,Lê Duẩn,177,27.78,3
2026-02-27 02:34:06.005503,Ông Ích Khiêm,15,37.66,0
2026-02-27 11:52:53.005503,Nguyễn Tất Thành,69,44.82,1
2026-02-26 18:34:00.005503,Nguyễn Tất Thành,12,42.42,0
2026-02-27 03:14:25.005503,Điện Biên Phủ,58,38.03,1
2026-02-27 06:47:03.005503,Ngô Quyền,52,30.67,1
2026-02-28 05:59:20.005503,2 Tháng 9,23,38.6,0
2026-02-27 08:55:47.005503,Trần Phú,20,41.22,0
2026-02-28 09:16:44.005503,Lê Duẩn,87,31.56,1
2026-02-28 04:48:56.005503,Tôn Đức Thắng,20,37.64,0
2026-02-27 19:52:36.005503,Lê Duẩn,27,37.57,0
2026-02-28 16:21:48.005503,Tôn Đức Thắng,12,39.62,0
2026-02-28 02:01:04.005503,Ngô Quyền,63,44.3,1
2026-02-27 20:01:29.005503,2 Tháng 9,26,41.24,0
2026-02-28 02:10:40.005503,Hải Phòng,16,34.21,0
2026-02-27 17:48:12.005503,Điện Biên Phủ,136,28.88,2
2026-02-28 03:32:55.005503,Hoàng Văn Thái,72,37.18,1
2026-02-28 08:48:21.005503,Ông Ích Khiêm,97,42.36,1
2026-02-26 19:51:37.005503,Lê Duẩn,13,48.46,0
2026-02-27 20:16:15.005503,Điện Biên Phủ,28,47.95,0
2026-02-28 04:58:47.005503,Lê Duẩn,60,31.24,1
2026-02-27 15:01:59.005503,Trần Phú,39,39.63,0
2026-02-28 11:30:10.005503,2 Tháng 9,33,41.33,0
2026-02-26 17:28:20.005503,Điện Biên Phủ,165,12.31,3
2026-02-27 14:45:43.005503,Trần Phú,14,34.05,0
2026-02-27 10:36:47.005503,2 Tháng 9,38,42.18,0
2026-02-28 08:51:01.005503,2 Tháng 9,73,47.57,1
2026-02-28 09:48:21.005503,Ngô Quyền,89,45.21,1
2026-02-27 04:45:28.005503,Điện Biên Phủ,40,47.41,0
2026-02-27 11:35:49.005503,Hải Phòng,49,32.92,0
2026-02-27 12:11:46.005503,Ông Ích Khiêm,5,38.12,0
2026-02-28 14:43:45.005503,Ông Ích Khiêm,5,44.42,0
2026-02-27 20:37:28.005503,Trần Phú,28,48.55,0
2026-02-27 20:20:12.005503,Hoàng Văn Thái,24,46.67,0
2026-02-28 01:46:29.005503,Hải Phòng,51,30.59,1
2026-02-26 19:41:30.005503,Hoàng Văn Thái,34,38.07,0
2026-02-27 10:34:34.005503,Hải Phòng,74,38.25,1
2026-02-27 09:15:34.005503,2 Tháng 9,72,44.96,1
2026-02-26 21:14:19.005503,Điện Biên Phủ,75,48.2,1
2026-02-28 04:41:46.005503,Nguyễn Tất Thành,28,32.95,0
2026-02-28 15:04:43.005503,Tôn Đức Thắng,63,32.88,1
2026-02-28 00:31:00.005503,Điện Biên Phủ,82,33.25,1
2026-02-27 01:09:44.005503,Hoàng Văn Thái,7,33.01,0
2026-02-28 13:49:47.005503,Lê Duẩn,26,48.81,0
2026-02-27 09:42:39.005503,Lê Duẩn,18,37.12,0
2026-02-27 19:41:09.005503,Hải Phòng,14,39.69,0
2026-02-27 15:15:16.005503,Nguyễn Tất Thành,48,40.58,0
2026-02-28 08:26:33.005503,Hải Phòng,92,33.96,1
2026-02-27 02:43:46.005503,Hải Phòng,7,33.31,0
2026-02-28 06:04:01.005503,Tôn Đức Thắng,42,39.78,0
2026-02-27 17:21:04.005503,Lê Duẩn,118,23.96,2
2026-02-27 08:42:22.005503,Hải Phòng,51,40.39,1
2026-02-28 01:08:23.005503,Hoàng Văn Thái,67,43.47,1
2026-02-26 17:06:04.005503,Ngô Quyền,139,11.32,3
2026-02-27 07:57:40.005503,Ngô Quyền,186,17.04,3
2026-02-28 14:35:26.005503,Ngô Quyền,76,36.41,1
2026-02-27 20:42:25.005503,Trần Phú,33,30.99,0
2026-02-27 17:35:10.005503,Ông Ích Khiêm,141,17.11,2
2026-02-28 16:41:00.005503,Tôn Đức Thắng,81,46.19,1
2026-02-27 15:37:51.005503,Ngô Quyền,26,35.06,0
2026-02-27 08:57:53.005503,Hoàng Văn Thái,14,47.1,0
2026-02-26 17:55:24.005503,Hoàng Văn Thái,167,13.42,3
2026-02-27 18:49:21.005503,Ngô Quyền,60,32.91,1
2026-02-28 01:40:20.005503,Hải Phòng,15,41.99,0
2026-02-26 17:39:42.005503,Điện Biên Phủ,124,10.74,3
2026-02-27 09:28:49.005503,Ngô Quyền,77,39.74,1
2026-02-27 00:16:55.005503,Điện Biên Phủ,53,30.01,1
2026-02-26 20:51:58.005503,Điện Biên Phủ,73,39.71,1
2026-02-28 08:36:14.005503,Ông Ích Khiêm,11,44.23,0
2026-02-27 09:23:53.005503,Hải Phòng,19,49.29,0
2026-02-27 00:52:53.005503,2 Tháng 9,35,43.01,0
2026-02-26 20:01:51.005503,2 Tháng 9,18,42.93,0
2026-02-27 23:26:28.005503,2 Tháng 9,18,47.05,0
2026-02-28 03:03:21.005503,Ngô Quyền,39,43.91,0
2026-02-27 03:22:16.006591,Nguyễn Tất Thành,29,44.32,0
2026-02-27 23:45:43.006591,Ông Ích Khiêm,79,31.38,1
2026-02-27 20:09:10.006591,Lê Duẩn,72,49.1,1
2026-02-28 08:20:25.006591,Tôn Đức Thắng,21,36.99,0
2026-02-28 15:50:49.006591,Hoàng Văn Thái,36,41.67,0
2026-02-27 04:00:54.006591,Trần Phú,5,38.09,0
2026-02-27 10:53:08.006591,Lê Duẩn,35,47.06,0
2026-02-27 19:52:26.006591,Nguyễn Tất Thành,82,32.58,1
2026-02-26 17:44:25.006591,2 Tháng 9,170,24.0,3
2026-02-27 15:22:19.006591,Hải Phòng,18,44.85,0
2026-02-27 04:36:25.006591,Tôn Đức Thắng,71,45.82,1
2026-02-27 04:51:38.006591,2 Tháng 9,34,40.4,0
2026-02-28 11:25:01.006591,Tôn Đức Thắng,32,33.4,0
2026-02-27 16:42:49.006591,Nguyễn Tất Thành,97,33.7,1
2026-02-27 08:03:32.006591,Ngô Quyền,91,42.26,1
2026-02-26 21:44:19.006591,Lê Duẩn,57,33.98,1
2026-02-28 13:10:31.006591,Ông Ích Khiêm,94,48.79,1
2026-02-26 18:23:42.006591,Nguyễn Tất Thành,58,36.69,1
2026-02-27 23:19:28.006591,Ông Ích Khiêm,29,39.91,0
2026-02-27 02:39:36.006591,2 Tháng 9,94,40.01,1
2026-02-28 08:02:54.006591,Tôn Đức Thắng,25,31.41,0
2026-02-27 17:13:57.006591,Ông Ích Khiêm,153,13.56,3
2026-02-27 23:12:24.006591,Ông Ích Khiêm,75,44.18,1
2026-02-27 01:19:07.006591,Ngô Quyền,54,47.04,1
2026-02-27 08:13:14.006591,Trần Phú,70,46.95,1
2026-02-28 06:13:51.006591,Điện Biên Phủ,83,41.68,1
2026-02-27 15:53:59.006591,Trần Phú,22,30.49,0
2026-02-27 22:33:53.006591,Ông Ích Khiêm,71,49.96,1
2026-02-27 13:41:46.006591,Hoàng Văn Thái,58,41.3,1
2026-02-28 02:14:18.006591,Ông Ích Khiêm,95,44.13,1
2026-02-28 05:40:17.006591,Nguyễn Tất Thành,39,47.57,0
2026-02-27 02:58:50.006591,Nguyễn Tất Thành,68,32.5,1
2026-02-27 05:38:46.006591,Hoàng Văn Thái,80,34.9,1
2026-02-28 10:00:31.006591,2 Tháng 9,38,38.38,0
2026-02-27 23:18:57.006591,2 Tháng 9,6,36.22,0
2026-02-27 23:28:04.006591,Hải Phòng,100,38.81,1
2026-02-27 02:28:33.006591,Tôn Đức Thắng,41,39.39,0
2026-02-26 17:26:42.006591,Lê Duẩn,131,17.45,2
2026-02-27 19:19:55.006591,Nguyễn Tất Thành,98,39.42,1
2026-02-28 16:08:40.006591,Tôn Đức Thắng,41,33.79,0
2026-02-28 05:41:24.006591,Lê Duẩn,30,36.26,0
2026-02-27 12:29:21.006591,Tôn Đức Thắng,75,32.98,1
2026-02-26 19:39:33.006591,Điện Biên Phủ,42,40.35,0
2026-02-28 04:11:57.006591,Ông Ích Khiêm,97,40.83,1
2026-02-28 00:55:22.006591,Hoàng Văn Thái,27,40.28,0
2026-02-28 00:59:45.006591,Nguyễn Tất Thành,85,46.89,1
2026-02-27 23:40:08.006591,Ông Ích Khiêm,50,31.9,0
2026-02-28 05:07:42.006591,Ông Ích Khiêm,80,47.85,1
2026-02-28 11:42:29.006591,Nguyễn Tất Thành,79,36.15,1
2026-02-27 17:25:52.006591,Ông Ích Khiêm,193,26.87,3
2026-02-27 12:19:57.006591,Hoàng Văn Thái,72,43.58,1
2026-02-28 12:21:49.006591,Ngô Quyền,88,42.88,1
2026-02-28 05:03:22.006591,Ông Ích Khiêm,83,40.63,1
2026-02-27 21:45:22.006591,Trần Phú,82,42.1,1
2026-02-28 03:26:26.006591,Ngô Quyền,99,41.98,1
2026-02-27 06:34:57.006591,Hải Phòng,49,30.1,0
2026-02-28 00:57:37.006591,Ngô Quyền,85,46.28,1
2026-02-27 07:58:10.006591,Ngô Quyền,136,22.02,2
2026-02-28 09:00:59.006591,Tôn Đức Thắng,52,38.31,1
2026-02-26 19:02:55.006591,Điện Biên Phủ,40,36.34,0
2026-02-27 01:54:02.006591,Tôn Đức Thắng,17,40.0,0
2026-02-27 04:28:01.006591,Hải Phòng,57,41.63,1
2026-02-27 07:26:20.006591,Ngô Quyền,118,27.41,2
2026-02-27 19:01:34.006591,Tôn Đức Thắng,94,46.93,1
2026-02-28 12:13:08.006591,Hoàng Văn Thái,15,42.26,0
2026-02-28 01:16:34.006591,Hải Phòng,18,34.92,0
2026-02-26 23:59:05.006591,Điện Biên Phủ,45,47.11,0
2026-02-27 20:42:14.006591,Lê Duẩn,44,31.74,0
2026-02-28 11:19:43.006591,Ngô Quyền,31,38.26,0
2026-02-28 00:23:50.006591,Ngô Quyền,53,48.03,1
2026-02-27 06:11:56.006591,Lê Duẩn,8,45.37,0
2026-02-27 08:48:13.006591,Trần Phú,56,35.69,1
2026-02-28 12:50:21.006591,Ngô Quyền,22,42.34,0
2026-02-27 02:59:00.006591,Hoàng Văn Thái,87,39.38,1
2026-02-27 10:42:55.006591,Hải Phòng,76,46.7,1
2026-02-28 00:49:47.006591,Tôn Đức Thắng,39,36.42,0
2026-02-27 05:18:14.006591,Nguyễn Tất Thành,23,35.74,0
2026-02-26 21:06:21.006591,Hoàng Văn Thái,19,37.4,0
2026-02-27 17:12:00.006591,Ông Ích Khiêm,148,16.01,2
2026-02-27 04:25:20.006591,Nguyễn Tất Thành,87,37.28,1
2026-02-28 08:39:48.006591,Trần Phú,56,47.54,1
2026-02-26 18:59:13.006591,Hoàng Văn Thái,5,30.84,0
2026-02-27 01:51:28.006591,Nguyễn Tất Thành,47,34.23,0
2026-02-28 08:11:42.006591,Ngô Quyền,52,39.87,1
2026-02-28 07:06:19.006591,Ngô Quyền,180,12.14,3
2026-02-27 01:16:48.006591,Ngô Quyền,25,30.86,0
2026-02-27 12:36:34.006591,Ông Ích Khiêm,68,36.9,1
2026-02-28 11:36:50.006591,Ông Ích Khiêm,84,33.91,1
2026-02-27 06:57:27.006591,Trần Phú,61,47.56,1
2026-02-28 05:15:52.006591,Ngô Quyền,58,48.18,1
2026-02-27 06:19:35.006591,Hoàng Văn Thái,7,47.26,0
2026-02-28 05:28:10.006591,Ngô Quyền,95,49.49,1
2026-02-28 06:42:09.006591,Tôn Đức Thắng,51,47.18,1
2026-02-27 20:26:05.006591,Trần Phú,42,41.39,0
2026-02-27 12:53:18.006591,Nguyễn Tất Thành,51,33.24,1
2026-02-28 10:48:26.006591,Hoàng Văn Thái,91,37.19,1
2026-02-28 10:58:16.006591,Trần Phú,83,47.02,1
2026-02-26 20:56:15.006591,Trần Phú,15,31.9,0
2026-02-27 08:21:00.006591,Lê Duẩn,88,36.52,1
2026-02-28 10:03:19.006591,Ông Ích Khiêm,35,43.87,0
2026-02-27 14:01:33.006591,Tôn Đức Thắng,47,40.45,0
2026-02-27 01:24:47.006591,Nguyễn Tất Thành,65,40.89,1
2026-02-26 19:53:48.006591,Lê Duẩn,86,49.29,1
2026-02-26 22:45:08.006591,Ngô Quyền,47,47.07,0
2026-02-27 15:13:00.006591,Ông Ích Khiêm,100,37.76,1
2026-02-28 01:10:29.006591,Hải Phòng,77,35.73,1
2026-02-27 14:28:41.006591,2 Tháng 9,32,40.22,0
2026-02-27 23:45:55.006591,Nguyễn Tất Thành,19,39.1,0
2026-02-27 10:01:03.006591,Tôn Đức Thắng,55,39.05,1
2026-02-27 22:07:39.006591,Điện Biên Phủ,55,47.25,1
2026-02-27 05:28:16.006591,Ngô Quyền,72,33.09,1
2026-02-26 23:57:45.006591,Lê Duẩn,65,38.07,1
2026-02-27 16:01:49.006591,2 Tháng 9,96,41.38,1
2026-02-26 21:55:03.006591,Nguyễn Tất Thành,33,36.66,0
2026-02-27 07:22:24.006591,Ngô Quyền,138,11.79,3
2026-02-27 07:35:02.006591,2 Tháng 9,194,25.24,3
2026-02-26 20:56:40.006591,Lê Duẩn,12,42.09,0
2026-02-27 06:55:26.006591,Trần Phú,78,43.75,1
2026-02-28 13:06:37.006591,Hoàng Văn Thái,32,34.84,0
2026-02-27 20:24:34.006591,Lê Duẩn,66,41.1,1
2026-02-26 17:50:25.006591,Ngô Quyền,199,23.99,3
2026-02-27 17:09:00.006591,Lê Duẩn,183,28.45,3
2026-02-27 02:23:34.006591,Lê Duẩn,84,33.79,1
2026-02-27 14:13:43.006591,Lê Duẩn,94,38.42,1
2026-02-28 05:54:11.006591,Hải Phòng,59,33.52,1
2026-02-27 16:09:18.006591,Tôn Đức Thắng,58,42.89,1
2026-02-27 11:46:24.006591,Điện Biên Phủ,74,46.74,1
2026-02-28 01:34:57.006591,Ngô Quyền,57,43.8,1
2026-02-28 03:25:37.006591,Tôn Đức Thắng,80,46.79,1
2026-02-26 23:26:47.006591,Trần Phú,79,44.92,1
2026-02-26 20:56:02.006591,Lê Duẩn,91,30.43,1
2026-02-26 22:19:02.006591,Hoàng Văn Thái,99,43.6,1
2026-02-27 05:44:17.006591,Điện Biên Phủ,79,36.06,1
2026-02-28 14:52:06.006591,2 Tháng 9,96,41.53,1
2026-02-28 00:56:24.006591,Trần Phú,16,43.1,0
2026-02-27 10:07:49.006591,Nguyễn Tất Thành,24,49.25,0
2026-02-28 16:04:42.006591,Ngô Quyền,80,45.24,1
2026-02-28 16:14:27.006591,Tôn Đức Thắng,73,36.88,1
2026-02-28 15:58:53.006591,Hoàng Văn Thái,57,41.91,1
2026-02-27 13:10:03.006591,Hoàng Văn Thái,75,44.59,1
2026-02-28 13:04:47.006591,Lê Duẩn,79,40.22,1
2026-02-28 09:33:39.006591,Nguyễn Tất Thành,8,38.42,0
2026-02-28 12:06:07.006591,Hoàng Văn Thái,57,35.96,1
2026-02-27 12:37:24.006591,Ngô Quyền,5,44.07,0
2026-02-27 09:11:50.006591,Hoàng Văn Thái,93,49.01,1
2026-02-27 21:04:50.006591,Ngô Quyền,74,45.76,1
2026-02-26 23:02:24.006591,Ông Ích Khiêm,34,33.65,0
2026-02-27 00:28:12.006591,Hải Phòng,48,41.31,0
2026-02-28 16:46:12.006591,Hải Phòng,15,36.16,0
2026-02-28 15:55:45.006591,Tôn Đức Thắng,35,43.97,0
2026-02-26 21:25:13.006591,Tôn Đức Thắng,98,49.78,1
2026-02-26 23:45:06.006591,Trần Phú,91,45.73,1
2026-02-26 17:32:58.006591,Tôn Đức Thắng,123,14.1,3
2026-02-27 01:39:42.006591,Hoàng Văn Thái,7,38.84,0
2026-02-26 22:32:30.006591,Ông Ích Khiêm,14,31.21,0
2026-02-27 12:21:03.006591,Ngô Quyền,75,46.85,1
2026-02-26 20:23:57.006591,Ngô Quyền,67,43.6,1
2026-02-27 23:46:32.006591,Ông Ích Khiêm,52,40.35,1
2026-02-27 12:13:17.006591,Hải Phòng,42,32.1,0
2026-02-28 14:33:14.006591,Hải Phòng,37,33.8,0
2026-02-27 22:26:47.006591,2 Tháng 9,78,37.51,1
2026-02-27 16:44:23.006591,Ngô Quyền,47,42.08,0
2026-02-28 10:42:04.006591,2 Tháng 9,17,38.36,0
2026-02-27 06:35:44.006591,Nguyễn Tất Thành,26,47.69,0
2026-02-27 19:03:00.006591,Tôn Đức Thắng,94,39.65,1
2026-02-27 12:51:44.006591,Lê Duẩn,68,31.95,1
2026-02-28 15:09:39.006591,Hải Phòng,11,42.95,0
2026-02-28 07:31:01.006591,Nguyễn Tất Thành,140,20.12,2
2026-02-26 18:11:48.006591,Ông Ích Khiêm,13,36.04,0
2026-02-26 22:38:31.006591,Trần Phú,56,39.69,1
2026-02-27 03:46:36.006591,Hoàng Văn Thái,84,33.15,1
2026-02-27 05:19:07.006591,Ông Ích Khiêm,14,30.45,0
2026-02-27 00:29:48.006591,Lê Duẩn,15,48.01,0
2026-02-26 21:10:09.006591,Lê Duẩn,78,37.7,1
2026-02-27 21:41:27.006591,Ngô Quyền,68,33.18,1
2026-02-27 01:54:53.006591,Ông Ích Khiêm,44,42.27,0
2026-02-28 09:14:00.006591,Hải Phòng,63,40.27,1
2026-02-27 00:37:19.006591,Nguyễn Tất Thành,92,30.84,1
2026-02-28 12:48:50.006591,Lê Duẩn,69,42.82,1
2026-02-27 23:15:37.006591,Điện Biên Phủ,5,49.49,0
2026-02-28 15:24:03.006591,Lê Duẩn,41,48.39,0
2026-02-26 19:59:06.006591,Tôn Đức Thắng,52,41.44,1
2026-02-28 09:07:37.006591,Hải Phòng,75,30.41,1
2026-02-28 09:08:07.006591,Nguyễn Tất Thành,7,46.73,0
2026-02-27 09:56:51.006591,Điện Biên Phủ,66,35.02,1
2026-02-27 18:45:20.006591,Ông Ích Khiêm,60,49.74,1
2026-02-28 10:57:31.006591,Tôn Đức Thắng,9,46.4,0
2026-02-28 07:20:30.006591,Ngô Quyền,102,11.61,3
2026-02-28 13:00:58.006591,Ông Ích Khiêm,39,46.66,0
2026-02-27 20:23:32.006591,Hoàng Văn Thái,17,43.34,0
2026-02-27 13:15:03.006591,Ông Ích Khiêm,29,39.68,0
2026-02-28 05:01:13.006591,Ông Ích Khiêm,69,36.83,1
2026-02-28 13:39:56.006591,Lê Duẩn,48,32.79,0
2026-02-27 02:12:14.006591,Nguyễn Tất Thành,32,32.45,0
2026-02-27 13:49:42.006591,2 Tháng 9,42,32.72,0
2026-02-27 07:17:05.006591,2 Tháng 9,104,29.73,2
2026-02-27 04:39:49.006591,2 Tháng 9,58,47.94,1
2026-02-28 10:53:13.006591,Hoàng Văn Thái,16,45.19,0
2026-02-27 10:16:33.006591,Điện Biên Phủ,66,39.71,1
2026-02-28 02:48:07.006591,Lê Duẩn,18,33.87,0
2026-02-27 01:36:58.006591,Điện Biên Phủ,20,43.71,0
2026-02-28 00:37:59.006591,Lê Duẩn,56,42.21,1
2026-02-27 01:55:37.006591,Hải Phòng,84,43.6,1
2026-02-27 10:06:52.006591,2 Tháng 9,72,34.26,1
2026-02-28 01:35:38.006591,2 Tháng 9,74,31.97,1
2026-02-28 04:12:34.006591,Lê Duẩn,28,48.39,0
2026-02-28 12:36:56.006591,Hải Phòng,62,42.59,1
2026-02-28 03:00:26.006591,Hoàng Văn Thái,76,43.09,1
2026-02-26 23:56:28.006591,Ngô Quyền,62,42.54,1
2026-02-26 17:55:24.006591,Hải Phòng,175,29.07,3
2026-02-27 12:14:10.006591,Hoàng Văn Thái,97,34.22,1
2026-02-28 05:21:13.006591,Lê Duẩn,96,30.74,1
2026-02-28 11:33:04.006591,Hải Phòng,57,31.68,1
2026-02-28 05:12:04.006591,Hoàng Văn Thái,15,42.79,0
2026-02-27 11:46:18.006591,Ông Ích Khiêm,82,40.39,1
2026-02-28 07:46:55.006591,Trần Phú,149,19.17,2
2026-02-27 05:40:39.006591,Ngô Quyền,23,49.29,0
2026-02-27 11:27:21.006591,Ông Ích Khiêm,82,46.98,1
2026-02-26 20:49:38.006591,Tôn Đức Thắng,37,49.64,0
2026-02-28 14:57:00.006591,2 Tháng 9,22,37.43,0
2026-02-28 14:35:29.006591,Nguyễn Tất Thành,72,38.1,1
2026-02-26 22:40:15.006591,Hải Phòng,98,31.05,1
2026-02-27 03:07:24.006591,Hoàng Văn Thái,27,35.11,0
2026-02-27 16:48:47.006591,Trần Phú,30,33.21,0
2026-02-27 21:20:14.006591,Ngô Quyền,69,32.41,1
2026-02-28 10:13:34.006591,Tôn Đức Thắng,59,32.66,1
2026-02-28 05:24:49.006591,Hải Phòng,93,36.93,1
2026-02-28 03:27:20.006591,Điện Biên Phủ,61,42.03,1
2026-02-28 13:47:45.006591,Ngô Quyền,98,45.13,1
2026-02-28 01:22:17.006591,Trần Phú,67,40.66,1
2026-02-26 23:33:26.006591,Ngô Quyền,15,42.88,0
2026-02-28 07:33:09.006591,Hải Phòng,171,11.26,3
2026-02-26 19:05:36.006591,Ngô Quyền,51,46.27,1
2026-02-26 19:36:54.006591,Nguyễn Tất Thành,39,35.59,0
2026-02-27 10:41:47.006591,Lê Duẩn,34,45.74,0
2026-02-28 10:17:43.006591,Hoàng Văn Thái,98,47.45,1
2026-02-28 01:56:19.006591,Ông Ích Khiêm,9,33.98,0
2026-02-27 01:07:11.006591,Nguyễn Tất Thành,45,38.35,0
2026-02-26 20:41:46.006591,Tôn Đức Thắng,33,45.33,0
2026-02-27 23:56:39.006591,Hải Phòng,9,44.89,0
2026-02-27 19:02:36.006591,Tôn Đức Thắng,68,44.81,1
2026-02-27 19:35:57.006591,Tôn Đức Thắng,88,48.75,1
2026-02-28 00:37:27.006591,Trần Phú,25,40.38,0
2026-02-28 16:32:29.006591,Ngô Quyền,94,31.28,1
2026-02-26 19:33:05.006591,Hoàng Văn Thái,25,41.51,0
2026-02-26 23:51:06.006591,Lê Duẩn,64,40.0,1
2026-02-26 18:12:06.006591,Tôn Đức Thắng,21,36.67,0
2026-02-26 22:56:55.006591,Tôn Đức Thắng,72,42.25,1
2026-02-27 16:33:02.006591,Ông Ích Khiêm,96,37.54,1
2026-02-27 16:13:04.007458,2 Tháng 9,13,45.74,0
2026-02-27 13:35:30.007458,2 Tháng 9,81,41.38,1
2026-02-27 00:58:53.007458,Lê Duẩn,69,36.42,1
2026-02-27 11:17:39.007458,Tôn Đức Thắng,88,39.45,1
2026-02-28 03:28:15.007458,Nguyễn Tất Thành,91,45.58,1
2026-02-26 18:54:09.007458,Điện Biên Phủ,26,41.36,0
2026-02-27 01:01:55.007458,Ngô Quyền,66,32.53,1
2026-02-27 07:49:20.007458,Ông Ích Khiêm,113,21.17,2
2026-02-27 13:16:59.007458,Tôn Đức Thắng,16,38.36,0
2026-02-27 14:32:41.007458,Nguyễn Tất Thành,53,47.93,1
2026-02-27 15:19:27.007458,Ông Ích Khiêm,42,33.56,0
2026-02-27 19:00:18.007458,Tôn Đức Thắng,75,38.59,1
2026-02-27 02:53:19.007458,Trần Phú,67,44.08,1
2026-02-26 23:16:22.007458,Lê Duẩn,14,31.24,0
2026-02-27 11:43:32.007458,Lê Duẩn,31,43.29,0
2026-02-27 03:06:52.007458,Tôn Đức Thắng,25,30.81,0
2026-02-27 17:57:23.007458,Hoàng Văn Thái,102,18.51,2
2026-02-28 15:44:14.007458,Ông Ích Khiêm,35,35.17,0
2026-02-27 21:04:42.007458,Ông Ích Khiêm,98,35.55,1
2026-02-26 17:08:33.007458,Ngô Quyền,170,12.18,3
2026-02-28 09:24:00.007458,Ngô Quyền,83,30.13,1
2026-02-28 06:26:19.007458,Ngô Quyền,65,38.44,1
2026-02-27 16:06:23.007458,Hải Phòng,15,42.28,0
2026-02-27 16:00:09.007458,Hải Phòng,44,49.81,0
2026-02-27 07:10:23.007458,Trần Phú,101,18.48,2
2026-02-26 23:52:25.007458,2 Tháng 9,33,30.06,0
2026-02-27 07:34:25.007458,Lê Duẩn,181,22.78,3
2026-02-28 13:50:37.007458,Hải Phòng,84,34.27,1
2026-02-28 03:05:59.007458,Hải Phòng,18,38.22,0
2026-02-26 18:38:43.007458,Ngô Quyền,72,46.29,1
2026-02-27 19:56:18.007458,Tôn Đức Thắng,8,31.1,0
2026-02-27 11:00:28.007458,Trần Phú,85,33.64,1
2026-02-28 02:59:38.007458,Lê Duẩn,12,31.68,0
2026-02-27 16:20:29.007458,Lê Duẩn,7,48.36,0
2026-02-27 04:53:37.007458,Lê Duẩn,85,40.92,1
2026-02-27 03:10:45.007458,Lê Duẩn,39,48.35,0
2026-02-26 20:12:34.007458,Lê Duẩn,29,40.25,0
2026-02-26 23:37:15.007458,Điện Biên Phủ,43,43.44,0
2026-02-28 05:12:40.007458,Lê Duẩn,52,47.87,1
2026-02-28 10:36:05.007458,Ông Ích Khiêm,21,45.4,0
2026-02-28 01:06:46.007458,Trần Phú,70,42.82,1
2026-02-27 18:06:58.007458,Tôn Đức Thắng,63,37.09,1
2026-02-28 15:19:45.007458,Ngô Quyền,30,34.25,0
2026-02-27 09:53:29.007458,Ông Ích Khiêm,5,36.68,0
2026-02-28 11:25:03.007458,Điện Biên Phủ,82,36.36,1
2026-02-28 06:04:09.007458,Hải Phòng,90,34.81,1
2026-02-27 06:21:42.007458,Ông Ích Khiêm,34,34.2,0
2026-02-28 15:18:30.007458,2 Tháng 9,94,42.43,1
2026-02-27 20:52:08.007458,Trần Phú,16,44.15,0
2026-02-28 10:21:16.007458,Ngô Quyền,36,43.4,0
2026-02-27 08:48:49.007458,Điện Biên Phủ,26,47.94,0
2026-02-28 04:11:41.007458,Hoàng Văn Thái,6,41.11,0
2026-02-27 05:04:54.007458,2 Tháng 9,10,31.47,0
2026-02-28 00:26:40.007458,Lê Duẩn,60,44.6,1
2026-02-27 16:13:50.007458,Điện Biên Phủ,10,47.31,0
2026-02-28 05:12:33.007458,Ngô Quyền,6,37.24,0
2026-02-27 15:51:01.007458,Nguyễn Tất Thành,16,43.93,0
2026-02-28 09:06:50.007458,Tôn Đức Thắng,5,40.39,0
2026-02-27 11:35:19.007458,Điện Biên Phủ,44,47.62,0
2026-02-26 19:15:39.007458,Hải Phòng,11,48.63,0
2026-02-26 23:42:57.007458,Ngô Quyền,41,49.65,0
2026-02-26 23:58:16.007458,Tôn Đức Thắng,68,37.87,1
2026-02-28 07:58:18.007458,Ngô Quyền,189,18.79,3
2026-02-27 21:08:00.007458,2 Tháng 9,81,45.46,1
2026-02-27 11:04:27.007458,Tôn Đức Thắng,75,35.89,1
2026-02-28 09:37:52.007458,Trần Phú,28,49.61,0
2026-02-28 14:54:56.007458,Tôn Đức Thắng,98,36.72,1
2026-02-27 09:43:02.007458,Hoàng Văn Thái,33,36.42,0
2026-02-28 14:38:15.007458,Ông Ích Khiêm,24,35.93,0
2026-02-28 03:39:58.007458,Tôn Đức Thắng,61,45.72,1
2026-02-27 05:05:25.007458,Lê Duẩn,8,35.34,0
2026-02-27 10:51:33.007458,Ngô Quyền,60,33.59,1
2026-02-28 07:15:01.007458,Lê Duẩn,180,19.0,3
2026-02-27 17:47:54.007458,Nguyễn Tất Thành,134,19.0,2
2026-02-28 03:26:59.007458,Nguyễn Tất Thành,57,37.77,1
2026-02-28 03:03:15.007458,Hoàng Văn Thái,37,47.7,0
2026-02-28 09:14:17.007458,Tôn Đức Thắng,58,37.38,1
2026-02-28 10:00:29.007458,Hoàng Văn Thái,26,38.91,0
2026-02-27 16:18:58.007458,Tôn Đức Thắng,19,30.13,0
2026-02-27 07:07:11.007458,Ông Ích Khiêm,157,19.47,3
2026-02-27 23:54:22.007458,Trần Phú,38,32.0,0
2026-02-27 16:57:35.007458,Ông Ích Khiêm,17,34.42,0
2026-02-27 07:44:38.007458,Nguyễn Tất Thành,125,23.91,2
2026-02-27 13:16:41.007458,Ngô Quyền,79,45.9,1
2026-02-28 04:48:19.007458,Hoàng Văn Thái,49,42.65,0
2026-02-27 17:54:43.007458,Điện Biên Phủ,123,27.21,2
2026-02-27 07:05:06.007458,Ngô Quyền,120,27.26,2
2026-02-27 23:31:40.007458,Điện Biên Phủ,72,44.23,1
2026-02-26 17:40:48.007458,Lê Duẩn,178,20.31,3
2026-02-26 20:04:32.007458,Tôn Đức Thắng,38,48.48,0
2026-02-27 12:47:17.007458,Lê Duẩn,11,48.72,0
2026-02-26 22:23:13.007458,Lê Duẩn,22,45.97,0
2026-02-27 04:58:17.007458,Trần Phú,73,31.2,1
2026-02-27 01:47:14.007458,Hoàng Văn Thái,72,45.3,1
2026-02-26 18:59:32.007458,Điện Biên Phủ,23,48.57,0
2026-02-27 06:13:40.007458,2 Tháng 9,91,44.97,1
2026-02-27 21:50:39.007458,Nguyễn Tất Thành,87,41.65,1
2026-02-27 05:23:42.007458,Hải Phòng,74,39.64,1
2026-02-28 14:35:42.007458,Hoàng Văn Thái,5,30.07,0
2026-02-28 06:42:35.007458,Trần Phú,35,33.09,0
2026-02-28 01:40:45.007458,Tôn Đức Thắng,12,33.35,0
2026-02-27 18:15:29.007458,Ngô Quyền,18,33.48,0
2026-02-27 05:21:19.007458,Trần Phú,40,38.69,0
2026-02-27 20:42:13.007458,Lê Duẩn,61,38.03,1
2026-02-27 14:12:14.007458,Nguyễn Tất Thành,20,43.35,0
2026-02-28 16:33:35.007458,Ông Ích Khiêm,89,36.3,1
2026-02-27 16:42:19.007458,Lê Duẩn,94,35.53,1
2026-02-27 01:59:40.007458,Lê Duẩn,70,33.88,1
2026-02-27 00:10:25.007458,Ông Ích Khiêm,5,33.48,0
2026-02-27 01:09:58.007458,Tôn Đức Thắng,29,42.29,0
2026-02-26 17:34:52.007458,Lê Duẩn,184,21.32,3
2026-02-27 13:48:42.007458,Nguyễn Tất Thành,70,37.01,1
2026-02-27 06:56:50.007458,2 Tháng 9,14,48.32,0
2026-02-28 10:59:03.007458,Hoàng Văn Thái,77,44.72,1
2026-02-27 19:28:24.007458,2 Tháng 9,57,32.99,1
2026-02-27 06:36:20.007458,Ngô Quyền,7,45.88,0
2026-02-28 14:15:58.007458,Hoàng Văn Thái,87,49.12,1
2026-02-28 16:41:13.007458,Điện Biên Phủ,65,31.08,1
2026-02-26 22:39:51.007458,Nguyễn Tất Thành,9,31.6,0
2026-02-27 08:32:34.007458,Điện Biên Phủ,55,40.43,1
2026-02-28 15:57:52.007458,Hải Phòng,55,47.48,1
2026-02-28 07:07:28.007458,Hoàng Văn Thái,195,28.09,3
2026-02-28 09:45:10.007458,Ông Ích Khiêm,48,34.8,0
2026-02-26 20:06:05.007458,Lê Duẩn,78,31.22,1
2026-02-28 03:41:25.007458,Lê Duẩn,5,32.53,0
2026-02-27 07:36:01.007458,Ngô Quyền,105,29.57,2
2026-02-27 02:19:18.007458,2 Tháng 9,88,48.23,1
2026-02-28 09:02:22.007458,Nguyễn Tất Thành,25,30.19,0
2026-02-27 07:11:03.007458,Hoàng Văn Thái,100,15.45,1
2026-02-27 19:50:26.007458,Điện Biên Phủ,13,42.91,0
2026-02-27 02:44:10.007458,Hải Phòng,35,32.9,0
2026-02-27 22:23:33.007458,Ông Ích Khiêm,100,34.6,1
2026-02-26 22:31:10.007458,Nguyễn Tất Thành,64,30.73,1
2026-02-27 03:45:43.007458,Hoàng Văn Thái,39,35.17,0
2026-02-28 06:10:51.007458,Điện Biên Phủ,6,30.91,0
2026-02-27 21:17:24.007458,2 Tháng 9,18,35.75,0
2026-02-28 12:02:47.007458,Lê Duẩn,78,34.92,1
2026-02-27 03:51:06.007458,Điện Biên Phủ,58,47.56,1
2026-02-27 03:34:01.007458,Hải Phòng,82,37.87,1
2026-02-27 15:11:27.007458,Hải Phòng,19,34.21,0
2026-02-27 21:56:16.007458,Trần Phú,51,47.67,1
2026-02-28 01:06:07.007458,Nguyễn Tất Thành,8,40.5,0
2026-02-27 15:46:01.007458,Hải Phòng,47,42.14,0
2026-02-28 11:40:14.007458,Hải Phòng,65,45.09,1
2026-02-28 00:48:30.007458,Hải Phòng,95,37.14,1
2026-02-28 00:22:15.007458,Tôn Đức Thắng,18,47.01,0
2026-02-26 18:22:47.007458,Trần Phú,74,38.03,1
2026-02-28 03:23:36.007458,Tôn Đức Thắng,37,49.65,0
2026-02-27 05:57:40.007458,Tôn Đức Thắng,60,39.2,1
2026-02-27 15:20:53.007458,Hải Phòng,96,45.68,1
2026-02-27 20:52:16.007458,Trần Phú,91,43.86,1
2026-02-28 00:24:12.007458,Trần Phú,43,45.39,0
2026-02-28 06:50:47.007458,Điện Biên Phủ,95,33.59,1
2026-02-27 23:10:18.007458,Tôn Đức Thắng,9,33.81,0
2026-02-27 07:09:59.007458,2 Tháng 9,144,12.68,3
2026-02-27 22:32:06.007458,Trần Phú,41,35.13,0
2026-02-26 21:57:31.007458,Hoàng Văn Thái,69,41.93,1
2026-02-28 09:14:59.007458,Tôn Đức Thắng,84,41.91,1
2026-02-27 02:56:47.007458,Trần Phú,51,40.48,1
2026-02-27 03:15:01.007458,Nguyễn Tất Thành,39,41.32,0
2026-02-28 08:52:19.007458,Ngô Quyền,52,39.24,1
2026-02-27 15:29:16.007458,Hoàng Văn Thái,30,35.62,0
2026-02-27 12:12:40.007458,Ngô Quyền,53,42.6,1
2026-02-27 11:09:09.007458,Hải Phòng,6,42.8,0
2026-02-27 01:43:37.007458,Hoàng Văn Thái,23,33.96,0
2026-02-27 04:40:01.007458,Hoàng Văn Thái,73,45.2,1
2026-02-28 03:13:04.007458,Lê Duẩn,44,33.15,0
2026-02-26 21:07:33.007458,Tôn Đức Thắng,48,39.58,0
2026-02-27 10:40:37.007458,Nguyễn Tất Thành,98,39.63,1
2026-02-28 02:55:38.007458,Lê Duẩn,64,33.15,1
2026-02-28 10:00:21.007458,Tôn Đức Thắng,74,35.72,1
2026-02-27 11:25:05.007458,2 Tháng 9,17,44.59,0
2026-02-27 19:45:19.007458,2 Tháng 9,68,39.06,1
2026-02-28 01:49:57.007458,Tôn Đức Thắng,72,30.56,1
2026-02-28 02:38:45.007458,Tôn Đức Thắng,97,30.92,1
2026-02-27 20:03:42.007458,Ông Ích Khiêm,84,41.32,1
2026-02-28 09:55:43.007458,Trần Phú,54,48.37,1
2026-02-27 13:54:28.007458,Tôn Đức Thắng,58,35.52,1
2026-02-27 22:09:03.007458,Tôn Đức Thắng,23,32.79,0
2026-02-27 17:13:15.007458,Hải Phòng,114,26.28,2
2026-02-28 11:00:17.007458,Điện Biên Phủ,91,31.44,1
2026-02-26 22:37:06.007458,Điện Biên Phủ,5,36.52,0
2026-02-28 16:24:46.007458,Hoàng Văn Thái,91,40.36,1
2026-02-28 01:03:39.007458,Hoàng Văn Thái,66,31.37,1
2026-02-27 19:14:06.007458,Hải Phòng,81,38.14,1
2026-02-26 18:40:42.007458,Điện Biên Phủ,94,37.17,1
2026-02-27 17:46:42.007458,Ngô Quyền,196,10.69,3
2026-02-26 23:09:32.007458,Trần Phú,97,30.66,1
2026-02-26 20:07:14.007458,Ông Ích Khiêm,41,42.13,0
2026-02-28 08:39:02.007458,Trần Phú,65,49.42,1
2026-02-27 20:46:18.007458,Hải Phòng,17,30.29,0
2026-02-27 00:59:39.007458,Hoàng Văn Thái,57,31.3,1
2026-02-28 12:42:52.007458,Lê Duẩn,77,39.16,1
2026-02-27 02:15:30.007458,Trần Phú,94,45.13,1
2026-02-27 19:23:24.007458,Trần Phú,44,46.13,0
2026-02-27 04:04:09.007458,Hải Phòng,12,38.62,0
2026-02-27 19:58:06.007458,Lê Duẩn,11,40.03,0
2026-02-28 01:10:42.007458,Điện Biên Phủ,72,35.56,1
2026-02-27 01:59:48.007458,Nguyễn Tất Thành,20,43.61,0
2026-02-28 16:38:05.007458,Hoàng Văn Thái,59,42.64,1
2026-02-28 01:28:12.007458,Hoàng Văn Thái,53,40.03,1
2026-02-28 04:39:41.007458,Tôn Đức Thắng,86,38.03,1
2026-02-26 23:33:38.007458,Ngô Quyền,12,34.91,0
2026-02-26 23:12:55.007458,Nguyễn Tất Thành,48,46.26,0
2026-02-27 00:58:25.007458,Lê Duẩn,86,42.05,1
2026-02-28 05:46:10.007458,Ngô Quyền,43,39.59,0
2026-02-27 08:58:10.007458,2 Tháng 9,30,31.69,0
2026-02-27 07:13:10.007458,Ngô Quyền,114,12.56,3
2026-02-28 14:26:38.007458,Ngô Quyền,86,37.42,1
2026-02-28 05:34:42.007458,2 Tháng 9,28,47.66,0
2026-02-28 02:45:02.007458,Tôn Đức Thắng,71,43.88,1
2026-02-28 00:52:48.007458,Ngô Quyền,47,36.29,0
2026-02-28 14:17:51.007458,2 Tháng 9,34,34.11,0
2026-02-27 22:17:20.007458,Hải Phòng,15,32.4,0
2026-02-28 01:12:45.007458,Ông Ích Khiêm,63,32.19,1
2026-02-27 05:36:10.007458,Điện Biên Phủ,16,40.09,0
2026-02-26 18:40:13.007458,Trần Phú,20,49.31,0
2026-02-27 13:56:24.007458,Ngô Quyền,15,35.76,0
2026-02-27 20:24:30.007458,Hải Phòng,59,45.46,1
2026-02-27 01:37:20.007458,Hải Phòng,66,37.47,1
2026-02-28 08:50:04.007458,Ông Ích Khiêm,82,40.76,1
2026-02-28 03:00:35.007458,2 Tháng 9,20,41.01,0
2026-02-27 17:28:50.007458,Trần Phú,168,17.6,3
2026-02-27 06:14:39.007458,Ông Ích Khiêm,84,30.46,1
2026-02-27 09:55:53.007458,Ngô Quyền,70,33.71,1
2026-02-28 10:46:59.007458,Hải Phòng,51,37.25,1
2026-02-27 17:10:29.007458,Ông Ích Khiêm,116,13.37,3
2026-02-28 14:12:41.007458,Tôn Đức Thắng,27,38.33,0
2026-02-27 04:27:15.007458,Tôn Đức Thắng,84,49.11,1
2026-02-28 07:00:02.007458,Hải Phòng,127,25.3,2
2026-02-28 09:47:37.007458,Lê Duẩn,69,41.2,1
2026-02-27 14:00:36.007458,Tôn Đức Thắng,96,46.37,1
2026-02-27 04:45:31.007458,Tôn Đức Thắng,64,32.84,1
2026-02-27 03:36:48.007458,Ông Ích Khiêm,100,33.8,1
2026-02-26 20:57:48.007458,Ông Ích Khiêm,38,30.94,0
2026-02-27 00:57:21.007458,Hải Phòng,50,40.47,0
2026-02-27 15:38:02.007458,Lê Duẩn,88,30.8,1
2026-02-26 19:46:48.007458,Lê Duẩn,100,42.44,1
2026-02-27 09:24:28.007458,Lê Duẩn,61,42.01,1
2026-02-27 15:54:10.007458,Điện Biên Phủ,82,36.25,1
2026-02-26 19:17:22.007458,Hoàng Văn Thái,18,32.38,0
2026-02-27 13:22:46.007458,Lê Duẩn,5,43.53,0
2026-02-28 15:10:10.007458,2 Tháng 9,73,46.81,1
2026-02-27 20:13:12.007458,Tôn Đức Thắng,88,34.8,1
2026-02-27 17:14:48.007458,Lê Duẩn,130,24.11,2
2026-02-26 18:59:22.007458,2 Tháng 9,38,42.27,0
2026-02-26 23:34:53.007458,Hải Phòng,80,49.15,1
2026-02-28 14:06:00.007458,Ông Ích Khiêm,81,39.24,1
2026-02-28 16:15:09.007458,2 Tháng 9,19,44.12,0
2026-02-27 22:06:11.007458,Ngô Quyền,97,36.5,1
2026-02-28 02:47:42.007458,Tôn Đức Thắng,37,44.38,0
2026-02-27 18:42:05.007458,Nguyễn Tất Thành,76,48.21,1
2026-02-28 00:59:06.007458,2 Tháng 9,70,40.83,1
2026-02-26 20:46:23.007458,Nguyễn Tất Thành,36,40.48,0
2026-02-27 20:32:05.007458,Hoàng Văn Thái,95,30.54,1
2026-02-27 18:33:06.007458,Ngô Quyền,23,48.78,0
2026-02-26 22:03:45.007458,Ông Ích Khiêm,96,47.2,1
2026-02-28 15:56:02.007458,Điện Biên Phủ,28,38.87,0
2026-02-28 06:30:41.007458,Trần Phú,75,34.43,1
2026-02-26 22:54:34.007458,Ông Ích Khiêm,31,45.33,0
2026-02-27 16:17:37.007458,Hải Phòng,55,38.5,1
2026-02-27 16:10:42.007458,Lê Duẩn,54,49.08,1
2026-02-27 04:39:50.007458,Điện Biên Phủ,78,39.97,1
2026-02-27 10:51:12.007458,Điện Biên Phủ,32,48.05,0
2026-02-28 03:19:33.007458,Tôn Đức Thắng,96,34.96,1
2026-02-27 15:26:56.007458,Điện Biên Phủ,62,44.19,1
2026-02-27 22:17:09.007458,Ngô Quyền,100,49.41,1
2026-02-28 13:25:20.007458,Ông Ích Khiêm,59,45.87,1
2026-02-27 13:45:31.007458,Hoàng Văn Thái,73,33.94,1
2026-02-27 03:37:41.007458,Ông Ích Khiêm,84,36.04,1
2026-02-28 10:24:19.007458,Hoàng Văn Thái,61,41.44,1
2026-02-27 20:23:17.007458,Trần Phú,21,32.27,0
2026-02-28 07:39:23.007458,Nguyễn Tất Thành,118,24.37,2
2026-02-27 19:21:01.007458,Ngô Quyền,41,34.21,0
2026-02-27 15:39:51.007458,Nguyễn Tất Thành,94,39.68,1
2026-02-27 00:34:24.007458,2 Tháng 9,68,41.03,1
2026-02-27 08:31:42.007458,Trần Phú,46,41.15,0
2026-02-26 19:30:39.007458,Điện Biên Phủ,58,40.84,1
2026-02-28 12:50:15.007458,Điện Biên Phủ,17,46.84,0
2026-02-27 22:54:05.007458,Nguyễn Tất Thành,60,39.25,1
2026-02-28 11:13:22.007458,Trần Phú,80,33.0,1
2026-02-27 05:13:15.007458,Hoàng Văn Thái,9,45.57,0
2026-02-26 17:38:22.007458,Ông Ích Khiêm,105,25.12,2
2026-02-27 21:13:16.007458,Nguyễn Tất Thành,19,45.9,0
2026-02-27 01:09:15.007458,Điện Biên Phủ,28,45.87,0
2026-02-28 01:30:56.007458,Hải Phòng,85,35.14,1
2026-02-27 07:35:50.007458,Ông Ích Khiêm,132,12.35,3
2026-02-28 03:15:35.007458,Ngô Quyền,58,42.46,1
2026-02-27 01:34:39.007458,Điện Biên Phủ,7,33.67,0
2026-02-28 06:01:12.007458,Hoàng Văn Thái,88,47.58,1
2026-02-27 02:51:02.007458,Tôn Đức Thắng,15,49.49,0
2026-02-27 09:28:48.007458,Lê Duẩn,37,36.51,0
2026-02-27 20:42:52.007458,Hoàng Văn Thái,89,40.22,1
2026-02-28 16:05:27.007458,Hoàng Văn Thái,63,49.96,1
2026-02-27 09:47:56.007458,Điện Biên Phủ,90,30.19,1
2026-02-28 07:20:06.007458,Hoàng Văn Thái,109,12.62,3
2026-02-27 11:17:45.007458,Ngô Quyền,19,33.19,0
2026-02-28 12:53:22.007458,Nguyễn Tất Thành,65,36.16,1
2026-02-28 02:02:35.007458,Điện Biên Phủ,9,39.73,0
2026-02-26 19:16:28.007458,Hoàng Văn Thái,25,43.81,0
2026-02-26 19:16:46.007458,Lê Duẩn,85,48.77,1
2026-02-28 09:22:57.007458,Hải Phòng,42,36.54,0
2026-02-28 04:10:25.007458,Trần Phú,82,37.04,1
2026-02-27 05:34:29.007458,Nguyễn Tất Thành,84,40.03,1
2026-02-27 20:54:30.007458,Ông Ích Khiêm,23,40.28,0
2026-02-27 14:16:52.007458,Hải Phòng,31,49.36,0
2026-02-28 06:46:55.007458,Trần Phú,89,38.55,1
2026-02-27 03:16:10.007458,Hải Phòng,12,43.16,0
2026-02-27 02:38:13.007458,2 Tháng 9,39,49.22,0
2026-02-26 23:50:13.007458,Nguyễn Tất Thành,12,38.13,0
2026-02-26 18:48:06.007458,Hải Phòng,82,37.25,1
2026-02-27 19:49:33.007458,Hải Phòng,43,45.38,0
2026-02-27 18:32:16.007458,Nguyễn Tất Thành,90,36.09,1
2026-02-27 20:48:40.007458,Nguyễn Tất Thành,26,48.63,0
2026-02-27 08:25:08.007458,Lê Duẩn,43,42.63,0
2026-02-28 10:35:06.007458,Điện Biên Phủ,47,47.53,0
2026-02-27 07:47:49.007458,Điện Biên Phủ,121,19.87,2
2026-02-28 04:43:15.007458,Trần Phú,45,39.13,0
2026-02-27 08:58:39.007458,Hải Phòng,69,47.6,1
2026-02-28 04:48:38.007458,Lê Duẩn,35,44.54,0
2026-02-26 22:37:57.007458,2 Tháng 9,83,37.32,1
2026-02-27 23:25:00.007458,Điện Biên Phủ,54,35.79,1
2026-02-27 22:11:11.007458,Hải Phòng,76,38.81,1
2026-02-27 13:20:43.007458,Tôn Đức Thắng,16,46.5,0
2026-02-28 10:14:02.007458,2 Tháng 9,72,31.89,1
2026-02-27 21:50:02.007458,Điện Biên Phủ,42,30.33,0
2026-02-27 01:58:53.007458,Trần Phú,22,34.65,0
2026-02-28 04:36:03.007458,Lê Duẩn,80,45.07,1
2026-02-26 19:30:42.007458,Hải Phòng,15,47.29,0
2026-02-27 14:46:55.007458,2 Tháng 9,36,48.82,0
2026-02-27 02:15:36.007458,Hải Phòng,39,36.19,0
2026-02-28 08:51:12.007458,Lê Duẩn,43,32.21,0
2026-02-27 13:37:40.007458,Điện Biên Phủ,53,48.39,1
2026-02-27 11:28:14.007458,Ngô Quyền,35,43.66,0
2026-02-26 21:49:18.007458,Ngô Quyền,41,31.57,0
2026-02-27 16:21:47.007458,Điện Biên Phủ,17,48.83,0
2026-02-27 13:07:27.007458,Ngô Quyền,44,47.32,0
2026-02-28 07:18:00.007458,Nguyễn Tất Thành,156,26.39,3
2026-02-28 13:57:13.007458,Nguyễn Tất Thành,22,32.29,0
2026-02-26 23:52:41.007458,Lê Duẩn,23,40.17,0
2026-02-26 22:58:56.008473,2 Tháng 9,20,46.07,0
2026-02-27 19:48:12.008473,Ngô Quyền,88,47.43,1
2026-02-27 19:41:31.008473,Trần Phú,95,36.71,1
2026-02-28 05:58:40.008473,Ông Ích Khiêm,48,35.13,0
2026-02-28 04:29:47.008473,Trần Phú,93,43.54,1
2026-02-28 06:31:09.008473,Ông Ích Khiêm,25,47.31,0
2026-02-27 02:30:49.008473,2 Tháng 9,99,30.85,1
2026-02-28 06:25:51.008473,Trần Phú,65,37.94,1
2026-02-27 11:02:15.008473,Điện Biên Phủ,17,37.58,0
2026-02-27 21:38:08.008473,Ông Ích Khiêm,37,33.94,0
2026-02-28 05:28:19.008473,Lê Duẩn,68,44.26,1
2026-02-27 14:49:10.008473,Lê Duẩn,67,36.51,1
2026-02-26 17:31:46.008473,Trần Phú,112,25.22,2
2026-02-28 09:41:49.008473,Ông Ích Khiêm,7,36.73,0
2026-02-28 04:52:20.008473,Ông Ích Khiêm,86,43.08,1
2026-02-28 06:37:59.008473,Trần Phú,85,32.36,1
2026-02-28 01:49:24.008473,Ông Ích Khiêm,82,31.77,1
2026-02-27 11:27:03.008473,Hải Phòng,42,35.22,0
2026-02-27 10:12:04.008473,Trần Phú,39,33.39,0
2026-02-26 22:23:36.008473,Hoàng Văn Thái,38,45.03,0
2026-02-27 17:17:01.008473,Hải Phòng,195,20.85,3
2026-02-28 10:28:24.008473,Tôn Đức Thắng,57,49.75,1
2026-02-27 20:17:17.008473,Hoàng Văn Thái,78,34.91,1
2026-02-27 14:02:48.008473,Nguyễn Tất Thành,47,45.8,0
2026-02-26 18:07:13.008473,Hoàng Văn Thái,95,34.51,1
2026-02-28 07:12:33.008473,Trần Phú,162,16.5,3
2026-02-27 12:39:25.008473,Trần Phú,44,31.45,0
2026-02-28 00:16:16.008473,Hải Phòng,68,36.42,1
2026-02-27 17:03:14.008473,Trần Phú,154,24.85,3
2026-02-27 09:25:56.008473,Hải Phòng,97,36.37,1
2026-02-26 23:39:32.008473,Hoàng Văn Thái,56,33.85,1
2026-02-27 04:28:03.008473,Ngô Quyền,39,48.12,0
2026-02-27 07:30:31.008473,Lê Duẩn,123,17.3,2
2026-02-27 22:01:50.008473,Nguyễn Tất Thành,5,39.45,0
2026-02-27 20:43:23.008473,Hải Phòng,52,44.96,1
2026-02-28 09:28:30.008473,2 Tháng 9,90,46.93,1
2026-02-28 01:03:36.008473,Hoàng Văn Thái,60,30.86,1
2026-02-26 19:31:03.008473,Tôn Đức Thắng,82,35.02,1
2026-02-27 15:51:03.008473,Trần Phú,8,31.02,0
2026-02-28 01:54:31.008473,Hoàng Văn Thái,48,40.18,0
2026-02-28 02:26:52.008473,Ngô Quyền,6,37.09,0
2026-02-27 04:00:34.008473,Tôn Đức Thắng,11,33.29,0
2026-02-26 23:24:41.008473,Trần Phú,50,39.85,0
2026-02-27 09:37:50.008473,Hoàng Văn Thái,28,36.38,0
2026-02-28 13:30:52.008473,Hải Phòng,100,32.51,1
2026-02-28 11:25:35.008473,Tôn Đức Thắng,38,49.98,0
2026-02-27 14:30:44.008473,Tôn Đức Thắng,39,30.14,0
2026-02-27 08:59:44.008473,Nguyễn Tất Thành,100,34.19,1
2026-02-27 01:57:40.008473,Ông Ích Khiêm,71,48.0,1
2026-02-27 02:05:54.008473,Tôn Đức Thắng,8,32.03,0
2026-02-27 13:12:18.008473,Ngô Quyền,100,33.61,1
2026-02-27 12:47:28.008473,Lê Duẩn,58,43.71,1
2026-02-27 00:15:08.008473,Tôn Đức Thắng,74,39.67,1
2026-02-27 15:20:13.008473,Điện Biên Phủ,69,39.93,1
2026-02-27 10:15:00.008473,Ngô Quyền,98,44.31,1
2026-02-28 15:35:45.008473,Ông Ích Khiêm,93,49.6,1
2026-02-27 17:31:14.008473,Hoàng Văn Thái,172,10.71,3
2026-02-27 10:15:16.008473,Hoàng Văn Thái,33,37.37,0
2026-02-28 07:27:50.008473,Hải Phòng,152,17.45,3
2026-02-27 09:17:11.008473,Tôn Đức Thắng,67,39.25,1
